{
    "rmse": 0.6920898237322347,
    "mae": 0.5380543578276697,
    "r2": 0.2791680521995644
}